{"cameraMode":{"drawMode":0,"name":"Shaded","section":"Shading Mode"},"sceneLighting":true,"audioPlay":false,"sceneViewState":{"m_AlwaysRefresh":false,"showFog":false,"showSkybox":true,"showFlares":true,"showImageEffects":true,"showParticleSystems":true,"showVisualEffectGraphs":true,"m_FxEnabled":true},"in2DMode":false,"pivot":{"x":8.979456901550293,"y":-0.049057960510253909,"z":7.095545768737793},"rotation":{"x":-0.03985541686415672,"y":-0.904129683971405,"z":0.08651479333639145,"w":-0.41651874780654909},"size":8.800823211669922,"orthographic":false}